faq_id,department,category,intent,language,question,answer,required_information,action,source,last_verified,dynamic_data_required,source_url,source_url_2,contact_person,contact_designation,contact_mobile,alt_contact_person,alt_contact_designation,alt_contact_mobile,office_address,office_phone,escalation_helpline,website
PWD-001,PWD,Roads,damaged_road,Complaint,Where should I complain about a damaged road?,"A damaged municipal road can be treated as a Public Works issue. Provide the exact location, nearest landmark, ward or zone if known, a description of the damage, and a photograph if the complaint channel supports attachments. You can directly contact Mr. Srikant Kate (Executive Engineer, PWD Department (also Bridge Cell, CTPT)) at 7974162847, or visit IMC Head Office, Nagar Nigam Square, Netaji Subhash Marg, Shivaji Market, Indore - 452007 in person to file a written complaint. To lodge it online, use https://imcindore.mp.gov.in/, or call the CM Helpline at 181.",None for general information,Inform,Official IMC; M.P. municipal framework,2026-08-18,No,https://www.imcindore.mp.gov.in/adt-commissioner,https://www.imcindore.mp.gov.in/,Mr. Srikant Kate,"Executive Engineer, PWD Department (also Bridge Cell, CTPT)",7974162847.0,Mr. Neeraj Anand Likhar,"Chief City Engineer, IMC",9179089333.0,"IMC Head Office, Nagar Nigam Square, Netaji Subhash Marg, Shivaji Market, Indore - 452007",0731-2535555,CM Helpline: 181 | IMC Toll-Free: 1800-233-5522,https://imcindore.mp.gov.in/
PWD-002,PWD,Roads,pothole,Complaint,How do I report a pothole?,"Report the pothole through the applicable IMC grievance channel with the precise location and nearest landmark. Attach a clear photograph if supported. You can directly contact Mr. Srikant Kate (Executive Engineer, PWD Department (also Bridge Cell, CTPT)) at 7974162847, or visit IMC Head Office, Nagar Nigam Square, Netaji Subhash Marg, Shivaji Market, Indore - 452007 in person to file a written complaint. To lodge it online, use https://imcindore.mp.gov.in/, or call the CM Helpline at 181.",None for general information,Inform,Official IMC; M.P. municipal framework,2026-08-18,No,https://www.imcindore.mp.gov.in/adt-commissioner,https://www.imcindore.mp.gov.in/,Mr. Srikant Kate,"Executive Engineer, PWD Department (also Bridge Cell, CTPT)",7974162847.0,Mr. Neeraj Anand Likhar,"Chief City Engineer, IMC",9179089333.0,"IMC Head Office, Nagar Nigam Square, Netaji Subhash Marg, Shivaji Market, Indore - 452007",0731-2535555,CM Helpline: 181 | IMC Toll-Free: 1800-233-5522,https://imcindore.mp.gov.in/
PWD-003,PWD,Roads,road_repair,Complaint,My road is broken. Which department should I contact?,"If the issue concerns a municipal road or road civil work, route it to PWD/Public Works, subject to jurisdiction. You can directly contact Mr. Srikant Kate (Executive Engineer, PWD Department (also Bridge Cell, CTPT)) at 7974162847, or visit IMC Head Office, Nagar Nigam Square, Netaji Subhash Marg, Shivaji Market, Indore - 452007 in person to file a written complaint. To lodge it online, use https://imcindore.mp.gov.in/, or call the CM Helpline at 181.",None for general information,Inform,Official IMC; M.P. municipal framework,2026-08-18,No,https://www.imcindore.mp.gov.in/adt-commissioner,https://www.imcindore.mp.gov.in/,Mr. Srikant Kate,"Executive Engineer, PWD Department (also Bridge Cell, CTPT)",7974162847.0,Mr. Neeraj Anand Likhar,"Chief City Engineer, IMC",9179089333.0,"IMC Head Office, Nagar Nigam Square, Netaji Subhash Marg, Shivaji Market, Indore - 452007",0731-2535555,CM Helpline: 181 | IMC Toll-Free: 1800-233-5522,https://imcindore.mp.gov.in/
PWD-004,PWD,Roads,road_construction,Inform,Who handles road construction in IMC?,"Municipal road construction and related public civil works fall within the Public Works portfolio, subject to the particular project and IMC's administrative allocation. You can directly contact Mr. Srikant Kate (Executive Engineer, PWD Department (also Bridge Cell, CTPT)) at 7974162847, or visit IMC Head Office, Nagar Nigam Square, Netaji Subhash Marg, Shivaji Market, Indore - 452007 in person to file a written complaint. To lodge it online, use https://imcindore.mp.gov.in/, or call the CM Helpline at 181.",None for general information,Inform,Official IMC; M.P. municipal framework,2026-08-18,No,https://www.imcindore.mp.gov.in/adt-commissioner,https://www.imcindore.mp.gov.in/,Mr. Srikant Kate,"Executive Engineer, PWD Department (also Bridge Cell, CTPT)",7974162847.0,Mr. Neeraj Anand Likhar,"Chief City Engineer, IMC",9179089333.0,"IMC Head Office, Nagar Nigam Square, Netaji Subhash Marg, Shivaji Market, Indore - 452007",0731-2535555,CM Helpline: 181 | IMC Toll-Free: 1800-233-5522,https://imcindore.mp.gov.in/
PWD-005,PWD,Roads,incomplete_work,Complaint,Can I complain about incomplete road construction?,"Yes. Treat an incomplete municipal road-work complaint as a Public Works issue. Collect the location, project or road name if known, description of incomplete work, and photographs if available. You can directly contact Mr. Srikant Kate (Executive Engineer, PWD Department (also Bridge Cell, CTPT)) at 7974162847, or visit IMC Head Office, Nagar Nigam Square, Netaji Subhash Marg, Shivaji Market, Indore - 452007 in person to file a written complaint. To lodge it online, use https://imcindore.mp.gov.in/, or call the CM Helpline at 181.",None for general information,Inform,Official IMC; M.P. municipal framework,2026-08-18,No,https://www.imcindore.mp.gov.in/adt-commissioner,https://www.imcindore.mp.gov.in/,Mr. Srikant Kate,"Executive Engineer, PWD Department (also Bridge Cell, CTPT)",7974162847.0,Mr. Neeraj Anand Likhar,"Chief City Engineer, IMC",9179089333.0,"IMC Head Office, Nagar Nigam Square, Netaji Subhash Marg, Shivaji Market, Indore - 452007",0731-2535555,CM Helpline: 181 | IMC Toll-Free: 1800-233-5522,https://imcindore.mp.gov.in/
PWD-006,PWD,Roads,poor_quality,Complaint,How can I complain about poor-quality road work?,"Route the observation to the appropriate IMC grievance/Public Works channel. The chatbot should record the citizen's observation and should not declare a contractor at fault. You can directly contact Mr. Srikant Kate (Executive Engineer, PWD Department (also Bridge Cell, CTPT)) at 7974162847, or visit IMC Head Office, Nagar Nigam Square, Netaji Subhash Marg, Shivaji Market, Indore - 452007 in person to file a written complaint. To lodge it online, use https://imcindore.mp.gov.in/, or call the CM Helpline at 181.",None for general information,Inform,Official IMC; M.P. municipal framework,2026-08-18,No,https://www.imcindore.mp.gov.in/adt-commissioner,https://www.imcindore.mp.gov.in/,Mr. Srikant Kate,"Executive Engineer, PWD Department (also Bridge Cell, CTPT)",7974162847.0,Mr. Neeraj Anand Likhar,"Chief City Engineer, IMC",9179089333.0,"IMC Head Office, Nagar Nigam Square, Netaji Subhash Marg, Shivaji Market, Indore - 452007",0731-2535555,CM Helpline: 181 | IMC Toll-Free: 1800-233-5522,https://imcindore.mp.gov.in/
PWD-007,PWD,Roads,repair_timeline,Status,When will my road be repaired?,"Do not promise a repair date unless a current official IMC work schedule or status source provides one. Otherwise provide the complaint-registration or status route. You can directly contact Mr. Srikant Kate (Executive Engineer, PWD Department (also Bridge Cell, CTPT)) at 7974162847, or visit IMC Head Office, Nagar Nigam Square, Netaji Subhash Marg, Shivaji Market, Indore - 452007 in person to file a written complaint. To lodge it online, use https://imcindore.mp.gov.in/, or call the CM Helpline at 181.",None for general information,Inform,Official IMC; M.P. municipal framework,2026-08-18,No,https://www.imcindore.mp.gov.in/adt-commissioner,https://www.imcindore.mp.gov.in/,Mr. Srikant Kate,"Executive Engineer, PWD Department (also Bridge Cell, CTPT)",7974162847.0,Mr. Neeraj Anand Likhar,"Chief City Engineer, IMC",9179089333.0,"IMC Head Office, Nagar Nigam Square, Netaji Subhash Marg, Shivaji Market, Indore - 452007",0731-2535555,CM Helpline: 181 | IMC Toll-Free: 1800-233-5522,https://imcindore.mp.gov.in/
PWD-008,PWD,Roads,construction_timeline,Status,When will road construction start or finish?,"Only provide dates retrieved from a current official IMC notice, tender, work order, project-status record, or other verified municipal source. You can directly contact Mr. Srikant Kate (Executive Engineer, PWD Department (also Bridge Cell, CTPT)) at 7974162847, or visit IMC Head Office, Nagar Nigam Square, Netaji Subhash Marg, Shivaji Market, Indore - 452007 in person to file a written complaint. To lodge it online, use https://imcindore.mp.gov.in/, or call the CM Helpline at 181.",None for general information,Inform,Official IMC; M.P. municipal framework,2026-08-18,No,https://www.imcindore.mp.gov.in/adt-commissioner,https://www.imcindore.mp.gov.in/,Mr. Srikant Kate,"Executive Engineer, PWD Department (also Bridge Cell, CTPT)",7974162847.0,Mr. Neeraj Anand Likhar,"Chief City Engineer, IMC",9179089333.0,"IMC Head Office, Nagar Nigam Square, Netaji Subhash Marg, Shivaji Market, Indore - 452007",0731-2535555,CM Helpline: 181 | IMC Toll-Free: 1800-233-5522,https://imcindore.mp.gov.in/
PWD-009,PWD,Projects,contractor,Status,Who is the contractor for a road project?,"Provide the contractor only when a current official tender or work-order record identifies the contractor. Do not infer it from an old or unofficial source. You can directly contact Mr. Srikant Kate (Executive Engineer, PWD Department (also Bridge Cell, CTPT)) at 7974162847, or visit IMC Head Office, Nagar Nigam Square, Netaji Subhash Marg, Shivaji Market, Indore - 452007 in person to file a written complaint. To lodge it online, use https://imcindore.mp.gov.in/, or call the CM Helpline at 181.",None for general information,Inform,Official IMC; M.P. municipal framework,2026-08-18,No,https://www.imcindore.mp.gov.in/adt-commissioner,https://www.imcindore.mp.gov.in/,Mr. Srikant Kate,"Executive Engineer, PWD Department (also Bridge Cell, CTPT)",7974162847.0,Mr. Neeraj Anand Likhar,"Chief City Engineer, IMC",9179089333.0,"IMC Head Office, Nagar Nigam Square, Netaji Subhash Marg, Shivaji Market, Indore - 452007",0731-2535555,CM Helpline: 181 | IMC Toll-Free: 1800-233-5522,https://imcindore.mp.gov.in/
PWD-010,PWD,Projects,tender,Inform,How can I check an IMC road tender?,"Use official IMC tender information and/or the Madhya Pradesh e-procurement system when a tender number, project or department is available. You can directly contact Mr. Srikant Kate (Executive Engineer, PWD Department (also Bridge Cell, CTPT)) at 7974162847, or visit IMC Head Office, Nagar Nigam Square, Netaji Subhash Marg, Shivaji Market, Indore - 452007 in person to file a written complaint. To lodge it online, use https://imcindore.mp.gov.in/, or call the CM Helpline at 181.",None for general information,Inform,Official IMC; M.P. municipal framework,2026-08-18,No,https://www.imcindore.mp.gov.in/adt-commissioner,https://www.imcindore.mp.gov.in/,Mr. Srikant Kate,"Executive Engineer, PWD Department (also Bridge Cell, CTPT)",7974162847.0,Mr. Neeraj Anand Likhar,"Chief City Engineer, IMC",9179089333.0,"IMC Head Office, Nagar Nigam Square, Netaji Subhash Marg, Shivaji Market, Indore - 452007",0731-2535555,CM Helpline: 181 | IMC Toll-Free: 1800-233-5522,https://imcindore.mp.gov.in/
PWD-011,PWD,Complaints,road_complaint_details,Complaint,What details should I provide for a road complaint?,"Provide the exact location, nearest landmark, ward or zone if known, type of road problem, description or severity, and a photograph if supported. A project, tender or work-order number is useful when available. You can directly contact Mr. Srikant Kate (Executive Engineer, PWD Department (also Bridge Cell, CTPT)) at 7974162847, or visit IMC Head Office, Nagar Nigam Square, Netaji Subhash Marg, Shivaji Market, Indore - 452007 in person to file a written complaint. To lodge it online, use https://imcindore.mp.gov.in/, or call the CM Helpline at 181.",None for general information,Inform,Official IMC; M.P. municipal framework,2026-08-18,No,https://www.imcindore.mp.gov.in/adt-commissioner,https://www.imcindore.mp.gov.in/,Mr. Srikant Kate,"Executive Engineer, PWD Department (also Bridge Cell, CTPT)",7974162847.0,Mr. Neeraj Anand Likhar,"Chief City Engineer, IMC",9179089333.0,"IMC Head Office, Nagar Nigam Square, Netaji Subhash Marg, Shivaji Market, Indore - 452007",0731-2535555,CM Helpline: 181 | IMC Toll-Free: 1800-233-5522,https://imcindore.mp.gov.in/
PWD-012,PWD,Routing,drainage_vs_pwd,Route,Does PWD handle every drain or sewer complaint?,"No. IMC separately allocates Drainage and Sewerage functions. The chatbot should identify whether the problem is road/civil work or drainage/sewerage service. You can directly contact Mr. Srikant Kate (Executive Engineer, PWD Department (also Bridge Cell, CTPT)) at 7974162847, or visit IMC Head Office, Nagar Nigam Square, Netaji Subhash Marg, Shivaji Market, Indore - 452007 in person to file a written complaint. To lodge it online, use https://imcindore.mp.gov.in/, or call the CM Helpline at 181.",None for general information,Inform,Official IMC; M.P. municipal framework,2026-08-18,No,https://www.imcindore.mp.gov.in/adt-commissioner,https://www.imcindore.mp.gov.in/,Mr. Srikant Kate,"Executive Engineer, PWD Department (also Bridge Cell, CTPT)",7974162847.0,Mr. Neeraj Anand Likhar,"Chief City Engineer, IMC",9179089333.0,"IMC Head Office, Nagar Nigam Square, Netaji Subhash Marg, Shivaji Market, Indore - 452007",0731-2535555,CM Helpline: 181 | IMC Toll-Free: 1800-233-5522,https://imcindore.mp.gov.in/
PWD-013,PWD,Routing,water_supply_vs_pwd,Route,Does PWD handle water-supply complaints?,"No. IMC separately allocates Water Supply. Complaints about no water, water pressure, new water connections or water-supply service should not automatically be routed to PWD. You can directly contact Mr. Srikant Kate (Executive Engineer, PWD Department (also Bridge Cell, CTPT)) at 7974162847, or visit IMC Head Office, Nagar Nigam Square, Netaji Subhash Marg, Shivaji Market, Indore - 452007 in person to file a written complaint. To lodge it online, use https://imcindore.mp.gov.in/, or call the CM Helpline at 181.",None for general information,Inform,Official IMC; M.P. municipal framework,2026-08-18,No,https://www.imcindore.mp.gov.in/adt-commissioner,https://www.imcindore.mp.gov.in/,Mr. Srikant Kate,"Executive Engineer, PWD Department (also Bridge Cell, CTPT)",7974162847.0,Mr. Neeraj Anand Likhar,"Chief City Engineer, IMC",9179089333.0,"IMC Head Office, Nagar Nigam Square, Netaji Subhash Marg, Shivaji Market, Indore - 452007",0731-2535555,CM Helpline: 181 | IMC Toll-Free: 1800-233-5522,https://imcindore.mp.gov.in/
PWD-014,PWD,Complaints,track_complaint,Status,Can I track my road complaint?,"IMC provides grievance and CRM citizen-service channels. If the chatbot is connected to the complaint system, it should retrieve live status using the complaint or reference number. You can directly contact Mr. Srikant Kate (Executive Engineer, PWD Department (also Bridge Cell, CTPT)) at 7974162847, or visit IMC Head Office, Nagar Nigam Square, Netaji Subhash Marg, Shivaji Market, Indore - 452007 in person to file a written complaint. To lodge it online, use https://imcindore.mp.gov.in/, or call the CM Helpline at 181.",None for general information,Inform,Official IMC; M.P. municipal framework,2026-08-18,No,https://www.imcindore.mp.gov.in/adt-commissioner,https://www.imcindore.mp.gov.in/,Mr. Srikant Kate,"Executive Engineer, PWD Department (also Bridge Cell, CTPT)",7974162847.0,Mr. Neeraj Anand Likhar,"Chief City Engineer, IMC",9179089333.0,"IMC Head Office, Nagar Nigam Square, Netaji Subhash Marg, Shivaji Market, Indore - 452007",0731-2535555,CM Helpline: 181 | IMC Toll-Free: 1800-233-5522,https://imcindore.mp.gov.in/
PWD-015,PWD,Complaints,photo,Complaint,Can I upload a photo with a road complaint?,"If the current complaint channel supports attachments, a citizen can provide a photograph. The chatbot should not promise this feature unless it is enabled in the connected system. You can directly contact Mr. Srikant Kate (Executive Engineer, PWD Department (also Bridge Cell, CTPT)) at 7974162847, or visit IMC Head Office, Nagar Nigam Square, Netaji Subhash Marg, Shivaji Market, Indore - 452007 in person to file a written complaint. To lodge it online, use https://imcindore.mp.gov.in/, or call the CM Helpline at 181.",None for general information,Inform,Official IMC; M.P. municipal framework,2026-08-18,No,https://www.imcindore.mp.gov.in/adt-commissioner,https://www.imcindore.mp.gov.in/,Mr. Srikant Kate,"Executive Engineer, PWD Department (also Bridge Cell, CTPT)",7974162847.0,Mr. Neeraj Anand Likhar,"Chief City Engineer, IMC",9179089333.0,"IMC Head Office, Nagar Nigam Square, Netaji Subhash Marg, Shivaji Market, Indore - 452007",0731-2535555,CM Helpline: 181 | IMC Toll-Free: 1800-233-5522,https://imcindore.mp.gov.in/
PWD-016,PWD,Jurisdiction,road_authority,Route,Is every road in Indore maintained by IMC?,"Not necessarily. Road responsibility depends on jurisdiction. The chatbot should verify the responsible authority when possible rather than automatically claiming IMC responsibility. You can directly contact Mr. Srikant Kate (Executive Engineer, PWD Department (also Bridge Cell, CTPT)) at 7974162847, or visit IMC Head Office, Nagar Nigam Square, Netaji Subhash Marg, Shivaji Market, Indore - 452007 in person to file a written complaint. To lodge it online, use https://imcindore.mp.gov.in/, or call the CM Helpline at 181.",None for general information,Inform,Official IMC; M.P. municipal framework,2026-08-18,No,https://www.imcindore.mp.gov.in/adt-commissioner,https://www.imcindore.mp.gov.in/,Mr. Srikant Kate,"Executive Engineer, PWD Department (also Bridge Cell, CTPT)",7974162847.0,Mr. Neeraj Anand Likhar,"Chief City Engineer, IMC",9179089333.0,"IMC Head Office, Nagar Nigam Square, Netaji Subhash Marg, Shivaji Market, Indore - 452007",0731-2535555,CM Helpline: 181 | IMC Toll-Free: 1800-233-5522,https://imcindore.mp.gov.in/
PWD-017,PWD,Civil works,dug_road,Complaint,What if my road has been dug up and not restored?,"Collect the location, utility or project information if known, period of excavation if known, and photographs. Route according to the verified responsible department or project. You can directly contact Mr. Srikant Kate (Executive Engineer, PWD Department (also Bridge Cell, CTPT)) at 7974162847, or visit IMC Head Office, Nagar Nigam Square, Netaji Subhash Marg, Shivaji Market, Indore - 452007 in person to file a written complaint. To lodge it online, use https://imcindore.mp.gov.in/, or call the CM Helpline at 181.",None for general information,Inform,Official IMC; M.P. municipal framework,2026-08-18,No,https://www.imcindore.mp.gov.in/adt-commissioner,https://www.imcindore.mp.gov.in/,Mr. Srikant Kate,"Executive Engineer, PWD Department (also Bridge Cell, CTPT)",7974162847.0,Mr. Neeraj Anand Likhar,"Chief City Engineer, IMC",9179089333.0,"IMC Head Office, Nagar Nigam Square, Netaji Subhash Marg, Shivaji Market, Indore - 452007",0731-2535555,CM Helpline: 181 | IMC Toll-Free: 1800-233-5522,https://imcindore.mp.gov.in/
PWD-018,PWD,Department,pwd_scope,Inform,What does the PWD/Public Works Department of IMC do?,"PWD is the IMC public-works portfolio. For chatbot routing, it covers municipal road and other civil/public infrastructure work under IMC jurisdiction. You can directly contact Mr. Srikant Kate (Executive Engineer, PWD Department (also Bridge Cell, CTPT)) at 7974162847, or visit IMC Head Office, Nagar Nigam Square, Netaji Subhash Marg, Shivaji Market, Indore - 452007 in person to file a written complaint. To lodge it online, use https://imcindore.mp.gov.in/, or call the CM Helpline at 181.",None for general information,Inform,Official IMC; M.P. municipal framework,2026-08-18,No,https://www.imcindore.mp.gov.in/adt-commissioner,https://www.imcindore.mp.gov.in/,Mr. Srikant Kate,"Executive Engineer, PWD Department (also Bridge Cell, CTPT)",7974162847.0,Mr. Neeraj Anand Likhar,"Chief City Engineer, IMC",9179089333.0,"IMC Head Office, Nagar Nigam Square, Netaji Subhash Marg, Shivaji Market, Indore - 452007",0731-2535555,CM Helpline: 181 | IMC Toll-Free: 1800-233-5522,https://imcindore.mp.gov.in/
PWD-019,PWD,Roads,damaged_road,Hinglish,"Meri sadak toot gayi hai, complaint kahan karun?","Agar sadak IMC ke municipal road/civil-work jurisdiction mein hai, complaint ko Public Works/PWD grievance route par bheja ja sakta hai. Exact location aur nearest landmark dena chahiye. Aap seedhe Mr. Srikant Kate (Executive Engineer, PWD Department (also Bridge Cell, CTPT)) ko 7974162847 par call kar sakte hain, ya IMC Head Office, Nagar Nigam Square, Netaji Subhash Marg, Shivaji Market, Indore - 452007 par jaakar likhit shikayat de sakte hain. Online shikayat ke liye https://imcindore.mp.gov.in/ par jaayein, ya CM Helpline 181 par call karein.",Exact location; nearest landmark; ward/zone if known; problem description; photo if supported; project/tender/work-order number if known,Complaint,Official IMC,2026-08-18,No,https://www.imcindore.mp.gov.in/adt-commissioner,https://www.imcindore.mp.gov.in/,Mr. Srikant Kate,"Executive Engineer, PWD Department (also Bridge Cell, CTPT)",7974162847.0,Mr. Neeraj Anand Likhar,"Chief City Engineer, IMC",9179089333.0,"IMC Head Office, Nagar Nigam Square, Netaji Subhash Marg, Shivaji Market, Indore - 452007",0731-2535555,CM Helpline: 181 | IMC Toll-Free: 1800-233-5522,https://imcindore.mp.gov.in/
PWD-020,PWD,Roads,pothole,Hinglish,"Sadak par bada gaddha hai, kya karun?","Pothole ki complaint IMC ke applicable grievance channel par karein. Location, landmark aur photo dena useful hai. Aap seedhe Mr. Srikant Kate (Executive Engineer, PWD Department (also Bridge Cell, CTPT)) ko 7974162847 par call kar sakte hain, ya IMC Head Office, Nagar Nigam Square, Netaji Subhash Marg, Shivaji Market, Indore - 452007 par jaakar likhit shikayat de sakte hain. Online shikayat ke liye https://imcindore.mp.gov.in/ par jaayein, ya CM Helpline 181 par call karein.",Exact location; nearest landmark; ward/zone if known; problem description; photo if supported; project/tender/work-order number if known,Complaint,Official IMC,2026-08-18,No,https://www.imcindore.mp.gov.in/adt-commissioner,https://www.imcindore.mp.gov.in/,Mr. Srikant Kate,"Executive Engineer, PWD Department (also Bridge Cell, CTPT)",7974162847.0,Mr. Neeraj Anand Likhar,"Chief City Engineer, IMC",9179089333.0,"IMC Head Office, Nagar Nigam Square, Netaji Subhash Marg, Shivaji Market, Indore - 452007",0731-2535555,CM Helpline: 181 | IMC Toll-Free: 1800-233-5522,https://imcindore.mp.gov.in/
PWD-021,PWD,Roads,road_construction,Hinglish,Road ka construction kaun karta hai?,"IMC ke municipal road construction aur related public civil works Public Works portfolio ke under aate hain, project aur jurisdiction ke subject to. You can directly contact Mr. Srikant Kate (Executive Engineer, PWD Department (also Bridge Cell, CTPT)) at 7974162847, or visit IMC Head Office, Nagar Nigam Square, Netaji Subhash Marg, Shivaji Market, Indore - 452007 in person to file a written complaint. To lodge it online, use https://imcindore.mp.gov.in/, or call the CM Helpline at 181.",None for general information,Inform,Official IMC,2026-08-18,No,https://www.imcindore.mp.gov.in/adt-commissioner,https://www.imcindore.mp.gov.in/,Mr. Srikant Kate,"Executive Engineer, PWD Department (also Bridge Cell, CTPT)",7974162847.0,Mr. Neeraj Anand Likhar,"Chief City Engineer, IMC",9179089333.0,"IMC Head Office, Nagar Nigam Square, Netaji Subhash Marg, Shivaji Market, Indore - 452007",0731-2535555,CM Helpline: 181 | IMC Toll-Free: 1800-233-5522,https://imcindore.mp.gov.in/
PWD-022,PWD,Roads,incomplete_work,Hinglish,"Road ka kaam adhura chhod diya hai, complaint kahan karun?","Location, road/project ka naam agar pata ho, problem ka description aur photo ke saath complaint register karein. Isse Public Works issue ke roop mein route kiya ja sakta hai. Aap seedhe Mr. Srikant Kate (Executive Engineer, PWD Department (also Bridge Cell, CTPT)) ko 7974162847 par call kar sakte hain, ya IMC Head Office, Nagar Nigam Square, Netaji Subhash Marg, Shivaji Market, Indore - 452007 par jaakar likhit shikayat de sakte hain. Online shikayat ke liye https://imcindore.mp.gov.in/ par jaayein, ya CM Helpline 181 par call karein.",Exact location; nearest landmark; ward/zone if known; problem description; photo if supported; project/tender/work-order number if known,Complaint,Official IMC,2026-08-18,No,https://www.imcindore.mp.gov.in/adt-commissioner,https://www.imcindore.mp.gov.in/,Mr. Srikant Kate,"Executive Engineer, PWD Department (also Bridge Cell, CTPT)",7974162847.0,Mr. Neeraj Anand Likhar,"Chief City Engineer, IMC",9179089333.0,"IMC Head Office, Nagar Nigam Square, Netaji Subhash Marg, Shivaji Market, Indore - 452007",0731-2535555,CM Helpline: 181 | IMC Toll-Free: 1800-233-5522,https://imcindore.mp.gov.in/
PWD-023,PWD,Complaints,road_complaint_details,Hinglish,Road complaint ke liye kya details chahiye?,"Exact location, nearest landmark, ward/zone agar pata ho, road problem ka type aur description, aur photo agar available ho. Aap seedhe Mr. Srikant Kate (Executive Engineer, PWD Department (also Bridge Cell, CTPT)) ko 7974162847 par call kar sakte hain, ya IMC Head Office, Nagar Nigam Square, Netaji Subhash Marg, Shivaji Market, Indore - 452007 par jaakar likhit shikayat de sakte hain. Online shikayat ke liye https://imcindore.mp.gov.in/ par jaayein, ya CM Helpline 181 par call karein.",Exact location; nearest landmark; ward/zone if known; problem description; photo if supported; project/tender/work-order number if known,Complaint,Official IMC,2026-08-18,No,https://www.imcindore.mp.gov.in/adt-commissioner,https://www.imcindore.mp.gov.in/,Mr. Srikant Kate,"Executive Engineer, PWD Department (also Bridge Cell, CTPT)",7974162847.0,Mr. Neeraj Anand Likhar,"Chief City Engineer, IMC",9179089333.0,"IMC Head Office, Nagar Nigam Square, Netaji Subhash Marg, Shivaji Market, Indore - 452007",0731-2535555,CM Helpline: 181 | IMC Toll-Free: 1800-233-5522,https://imcindore.mp.gov.in/
REV-001,Revenue,Property Tax,definition,Inform,What is property tax?,"Property tax is a municipal tax associated with buildings or land within the municipal corporation area under the applicable Madhya Pradesh municipal law and rules. IMC provides a Property Tax citizen service. For property/water tax matters, reach Ms. Garima Patidar (Deputy Commissioner - Revenue Department (Property & Water Tax, Zones 1-22); also Nodal Officer, CM Helpline/311) through your zonal Revenue counter, or visit IMC Head Office, Nagar Nigam Square, Netaji Subhash Marg, Shivaji Market, Indore - 452007 (Revenue Branch) in person. For online details, check https://imcindore.mp.gov.in/, or call the CM Helpline at 181.",None for general information,Inform,Official IMC; current department allocation and published notices,2026-08-18,No,https://www.imcindore.mp.gov.in/adt-commissioner,https://www.imcindore.mp.gov.in/uploads/2024_25_Revise_Rate_List_for_property_Tax_and_SBM_Fee_67a75dd238.pdf,Ms. Garima Patidar,"Deputy Commissioner - Revenue Department (Property & Water Tax, Zones 1-22); also Nodal Officer, CM Helpline/311",Not publicly listed - contact via IMC Revenue counter or zonal office,,,,"IMC Head Office, Nagar Nigam Square, Netaji Subhash Marg, Shivaji Market, Indore - 452007 (Revenue Branch)",0731-2535555,CM Helpline: 181 | IMC Toll-Free: 1800-233-5522,https://imcindore.mp.gov.in/
REV-002,Revenue,Property Tax,liability,Inform,Who has to pay property tax?,"Property-tax liability depends on the applicable municipal law, assessment and property circumstances. The chatbot should not make a property-specific liability determination without the current property record and rules. For property/water tax matters, reach Ms. Garima Patidar (Deputy Commissioner - Revenue Department (Property & Water Tax, Zones 1-22); also Nodal Officer, CM Helpline/311) through your zonal Revenue counter, or visit IMC Head Office, Nagar Nigam Square, Netaji Subhash Marg, Shivaji Market, Indore - 452007 (Revenue Branch) in person. For online details, check https://imcindore.mp.gov.in/, or call the CM Helpline at 181.",None for general information,Inform,Official IMC; current department allocation and published notices,2026-08-18,No,https://www.imcindore.mp.gov.in/adt-commissioner,https://www.imcindore.mp.gov.in/uploads/2024_25_Revise_Rate_List_for_property_Tax_and_SBM_Fee_67a75dd238.pdf,Ms. Garima Patidar,"Deputy Commissioner - Revenue Department (Property & Water Tax, Zones 1-22); also Nodal Officer, CM Helpline/311",Not publicly listed - contact via IMC Revenue counter or zonal office,,,,"IMC Head Office, Nagar Nigam Square, Netaji Subhash Marg, Shivaji Market, Indore - 452007 (Revenue Branch)",0731-2535555,CM Helpline: 181 | IMC Toll-Free: 1800-233-5522,https://imcindore.mp.gov.in/
REV-003,Revenue,Property Tax,calculation,Inform,How is property tax calculated?,"IMC's published rate notification states that taxable property value or annual letting value is determined using prescribed rates according to rate zone and property or construction category. The final demand depends on the current municipal assessment and rules. For property/water tax matters, reach Ms. Garima Patidar (Deputy Commissioner - Revenue Department (Property & Water Tax, Zones 1-22); also Nodal Officer, CM Helpline/311) through your zonal Revenue counter, or visit IMC Head Office, Nagar Nigam Square, Netaji Subhash Marg, Shivaji Market, Indore - 452007 (Revenue Branch) in person. For online details, check https://imcindore.mp.gov.in/, or call the CM Helpline at 181.",None for general information,Inform,Official IMC; current department allocation and published notices,2026-08-18,No,https://www.imcindore.mp.gov.in/adt-commissioner,https://www.imcindore.mp.gov.in/uploads/2024_25_Revise_Rate_List_for_property_Tax_and_SBM_Fee_67a75dd238.pdf,Ms. Garima Patidar,"Deputy Commissioner - Revenue Department (Property & Water Tax, Zones 1-22); also Nodal Officer, CM Helpline/311",Not publicly listed - contact via IMC Revenue counter or zonal office,,,,"IMC Head Office, Nagar Nigam Square, Netaji Subhash Marg, Shivaji Market, Indore - 452007 (Revenue Branch)",0731-2535555,CM Helpline: 181 | IMC Toll-Free: 1800-233-5522,https://imcindore.mp.gov.in/
REV-004,Revenue,Property Tax,rate_zone,Inform,What is a property-tax rate zone?,"A rate zone is a municipal classification used in the IMC rate schedule. Applicable rates can vary by rate zone and property or construction category. For property/water tax matters, reach Ms. Garima Patidar (Deputy Commissioner - Revenue Department (Property & Water Tax, Zones 1-22); also Nodal Officer, CM Helpline/311) through your zonal Revenue counter, or visit IMC Head Office, Nagar Nigam Square, Netaji Subhash Marg, Shivaji Market, Indore - 452007 (Revenue Branch) in person. For online details, check https://imcindore.mp.gov.in/, or call the CM Helpline at 181.",None for general information,Inform,Official IMC; current department allocation and published notices,2026-08-18,No,https://www.imcindore.mp.gov.in/adt-commissioner,https://www.imcindore.mp.gov.in/uploads/2024_25_Revise_Rate_List_for_property_Tax_and_SBM_Fee_67a75dd238.pdf,Ms. Garima Patidar,"Deputy Commissioner - Revenue Department (Property & Water Tax, Zones 1-22); also Nodal Officer, CM Helpline/311",Not publicly listed - contact via IMC Revenue counter or zonal office,,,,"IMC Head Office, Nagar Nigam Square, Netaji Subhash Marg, Shivaji Market, Indore - 452007 (Revenue Branch)",0731-2535555,CM Helpline: 181 | IMC Toll-Free: 1800-233-5522,https://imcindore.mp.gov.in/
REV-005,Revenue,Property Tax,online_payment,Payment,Can I pay property tax online?,"Yes. IMC currently lists Property Tax as an online service. Use the official IMC Property Tax service for the current payment workflow. For property/water tax matters, reach Ms. Garima Patidar (Deputy Commissioner - Revenue Department (Property & Water Tax, Zones 1-22); also Nodal Officer, CM Helpline/311) through your zonal Revenue counter, or visit IMC Head Office, Nagar Nigam Square, Netaji Subhash Marg, Shivaji Market, Indore - 452007 (Revenue Branch) in person. For online details, check https://imcindore.mp.gov.in/, or call the CM Helpline at 181.",None for general information,Inform,Official IMC; current department allocation and published notices,2026-08-18,No,https://www.imcindore.mp.gov.in/adt-commissioner,https://www.imcindore.mp.gov.in/uploads/2024_25_Revise_Rate_List_for_property_Tax_and_SBM_Fee_67a75dd238.pdf,Ms. Garima Patidar,"Deputy Commissioner - Revenue Department (Property & Water Tax, Zones 1-22); also Nodal Officer, CM Helpline/311",Not publicly listed - contact via IMC Revenue counter or zonal office,,,,"IMC Head Office, Nagar Nigam Square, Netaji Subhash Marg, Shivaji Market, Indore - 452007 (Revenue Branch)",0731-2535555,CM Helpline: 181 | IMC Toll-Free: 1800-233-5522,https://imcindore.mp.gov.in/
REV-006,Revenue,Property Tax,dues,Status,How can I check my property-tax dues?,"Use the official IMC Property Tax service and the relevant property identification details. If connected to the live tax system, the chatbot should retrieve the current demand rather than estimate it. For property/water tax matters, reach Ms. Garima Patidar (Deputy Commissioner - Revenue Department (Property & Water Tax, Zones 1-22); also Nodal Officer, CM Helpline/311) through your zonal Revenue counter, or visit IMC Head Office, Nagar Nigam Square, Netaji Subhash Marg, Shivaji Market, Indore - 452007 (Revenue Branch) in person. For online details, check https://imcindore.mp.gov.in/, or call the CM Helpline at 181.",None for general information,Inform,Official IMC; current department allocation and published notices,2026-08-18,No,https://www.imcindore.mp.gov.in/adt-commissioner,https://www.imcindore.mp.gov.in/uploads/2024_25_Revise_Rate_List_for_property_Tax_and_SBM_Fee_67a75dd238.pdf,Ms. Garima Patidar,"Deputy Commissioner - Revenue Department (Property & Water Tax, Zones 1-22); also Nodal Officer, CM Helpline/311",Not publicly listed - contact via IMC Revenue counter or zonal office,,,,"IMC Head Office, Nagar Nigam Square, Netaji Subhash Marg, Shivaji Market, Indore - 452007 (Revenue Branch)",0731-2535555,CM Helpline: 181 | IMC Toll-Free: 1800-233-5522,https://imcindore.mp.gov.in/
REV-007,Revenue,Property Tax,receipt,Payment,How can I get my property-tax receipt?,"Use the official IMC Property Tax/payment service. If connected to the payment system, the chatbot can retrieve or guide the citizen to the receipt. For property/water tax matters, reach Ms. Garima Patidar (Deputy Commissioner - Revenue Department (Property & Water Tax, Zones 1-22); also Nodal Officer, CM Helpline/311) through your zonal Revenue counter, or visit IMC Head Office, Nagar Nigam Square, Netaji Subhash Marg, Shivaji Market, Indore - 452007 (Revenue Branch) in person. For online details, check https://imcindore.mp.gov.in/, or call the CM Helpline at 181.",None for general information,Inform,Official IMC; current department allocation and published notices,2026-08-18,No,https://www.imcindore.mp.gov.in/adt-commissioner,https://www.imcindore.mp.gov.in/uploads/2024_25_Revise_Rate_List_for_property_Tax_and_SBM_Fee_67a75dd238.pdf,Ms. Garima Patidar,"Deputy Commissioner - Revenue Department (Property & Water Tax, Zones 1-22); also Nodal Officer, CM Helpline/311",Not publicly listed - contact via IMC Revenue counter or zonal office,,,,"IMC Head Office, Nagar Nigam Square, Netaji Subhash Marg, Shivaji Market, Indore - 452007 (Revenue Branch)",0731-2535555,CM Helpline: 181 | IMC Toll-Free: 1800-233-5522,https://imcindore.mp.gov.in/
REV-008,Revenue,Property Tax,payment_pending,Complaint,My property-tax payment was deducted but my account is not updated. What should I do?,"Treat this as a payment-status issue. Ask for transaction/reference number, property ID if available, payment date, amount and payment method. Do not declare success or failure without verified transaction status. For property/water tax matters, reach Ms. Garima Patidar (Deputy Commissioner - Revenue Department (Property & Water Tax, Zones 1-22); also Nodal Officer, CM Helpline/311) through your zonal Revenue counter, or visit IMC Head Office, Nagar Nigam Square, Netaji Subhash Marg, Shivaji Market, Indore - 452007 (Revenue Branch) in person. For online details, check https://imcindore.mp.gov.in/, or call the CM Helpline at 181.",None for general information,Inform,Official IMC; current department allocation and published notices,2026-08-18,No,https://www.imcindore.mp.gov.in/adt-commissioner,https://www.imcindore.mp.gov.in/uploads/2024_25_Revise_Rate_List_for_property_Tax_and_SBM_Fee_67a75dd238.pdf,Ms. Garima Patidar,"Deputy Commissioner - Revenue Department (Property & Water Tax, Zones 1-22); also Nodal Officer, CM Helpline/311",Not publicly listed - contact via IMC Revenue counter or zonal office,,,,"IMC Head Office, Nagar Nigam Square, Netaji Subhash Marg, Shivaji Market, Indore - 452007 (Revenue Branch)",0731-2535555,CM Helpline: 181 | IMC Toll-Free: 1800-233-5522,https://imcindore.mp.gov.in/
REV-009,Revenue,Property Tax,tax_increase,Inform,Why has my property tax increased?,"Possible reasons include changes in property information, rate-zone or category data, current assessment rules, or other lawful charges. Inspect the current property record and demand before giving a property-specific explanation. For property/water tax matters, reach Ms. Garima Patidar (Deputy Commissioner - Revenue Department (Property & Water Tax, Zones 1-22); also Nodal Officer, CM Helpline/311) through your zonal Revenue counter, or visit IMC Head Office, Nagar Nigam Square, Netaji Subhash Marg, Shivaji Market, Indore - 452007 (Revenue Branch) in person. For online details, check https://imcindore.mp.gov.in/, or call the CM Helpline at 181.",None for general information,Inform,Official IMC; current department allocation and published notices,2026-08-18,No,https://www.imcindore.mp.gov.in/adt-commissioner,https://www.imcindore.mp.gov.in/uploads/2024_25_Revise_Rate_List_for_property_Tax_and_SBM_Fee_67a75dd238.pdf,Ms. Garima Patidar,"Deputy Commissioner - Revenue Department (Property & Water Tax, Zones 1-22); also Nodal Officer, CM Helpline/311",Not publicly listed - contact via IMC Revenue counter or zonal office,,,,"IMC Head Office, Nagar Nigam Square, Netaji Subhash Marg, Shivaji Market, Indore - 452007 (Revenue Branch)",0731-2535555,CM Helpline: 181 | IMC Toll-Free: 1800-233-5522,https://imcindore.mp.gov.in/
REV-010,Revenue,Property Data,name_correction,Complaint,My owner's name is wrong in the property record. What should I do?,"Treat it as a property-record/data-correction request. Ask for property identification details and direct the citizen to the current IMC correction procedure. Do not invent a document list or processing time. For property/water tax matters, reach Ms. Garima Patidar (Deputy Commissioner - Revenue Department (Property & Water Tax, Zones 1-22); also Nodal Officer, CM Helpline/311) through your zonal Revenue counter, or visit IMC Head Office, Nagar Nigam Square, Netaji Subhash Marg, Shivaji Market, Indore - 452007 (Revenue Branch) in person. For online details, check https://imcindore.mp.gov.in/, or call the CM Helpline at 181.",None for general information,Inform,Official IMC; current department allocation and published notices,2026-08-18,No,https://www.imcindore.mp.gov.in/adt-commissioner,https://www.imcindore.mp.gov.in/,Ms. Garima Patidar,"Deputy Commissioner - Revenue Department (Property & Water Tax, Zones 1-22); also Nodal Officer, CM Helpline/311",Not publicly listed - contact via IMC Revenue counter or zonal office,,,,"IMC Head Office, Nagar Nigam Square, Netaji Subhash Marg, Shivaji Market, Indore - 452007 (Revenue Branch)",0731-2535555,CM Helpline: 181 | IMC Toll-Free: 1800-233-5522,https://imcindore.mp.gov.in/
REV-011,Revenue,Property Data,address_correction,Complaint,My property address is wrong. What should I do?,"Treat it as a property-data correction request. Collect property identification details and direct the citizen to the current IMC correction process. For property/water tax matters, reach Ms. Garima Patidar (Deputy Commissioner - Revenue Department (Property & Water Tax, Zones 1-22); also Nodal Officer, CM Helpline/311) through your zonal Revenue counter, or visit IMC Head Office, Nagar Nigam Square, Netaji Subhash Marg, Shivaji Market, Indore - 452007 (Revenue Branch) in person. For online details, check https://imcindore.mp.gov.in/, or call the CM Helpline at 181.",None for general information,Inform,Official IMC; current department allocation and published notices,2026-08-18,No,https://www.imcindore.mp.gov.in/adt-commissioner,https://www.imcindore.mp.gov.in/,Ms. Garima Patidar,"Deputy Commissioner - Revenue Department (Property & Water Tax, Zones 1-22); also Nodal Officer, CM Helpline/311",Not publicly listed - contact via IMC Revenue counter or zonal office,,,,"IMC Head Office, Nagar Nigam Square, Netaji Subhash Marg, Shivaji Market, Indore - 452007 (Revenue Branch)",0731-2535555,CM Helpline: 181 | IMC Toll-Free: 1800-233-5522,https://imcindore.mp.gov.in/
REV-012,Revenue,Property Data,area_correction,Complaint,My property area is incorrect. What should I do?,"Treat it as a property-data or assessment correction request. Collect property identification details and route it to the current IMC correction mechanism. For property/water tax matters, reach Ms. Garima Patidar (Deputy Commissioner - Revenue Department (Property & Water Tax, Zones 1-22); also Nodal Officer, CM Helpline/311) through your zonal Revenue counter, or visit IMC Head Office, Nagar Nigam Square, Netaji Subhash Marg, Shivaji Market, Indore - 452007 (Revenue Branch) in person. For online details, check https://imcindore.mp.gov.in/, or call the CM Helpline at 181.",None for general information,Inform,Official IMC; current department allocation and published notices,2026-08-18,No,https://www.imcindore.mp.gov.in/adt-commissioner,https://www.imcindore.mp.gov.in/,Ms. Garima Patidar,"Deputy Commissioner - Revenue Department (Property & Water Tax, Zones 1-22); also Nodal Officer, CM Helpline/311",Not publicly listed - contact via IMC Revenue counter or zonal office,,,,"IMC Head Office, Nagar Nigam Square, Netaji Subhash Marg, Shivaji Market, Indore - 452007 (Revenue Branch)",0731-2535555,CM Helpline: 181 | IMC Toll-Free: 1800-233-5522,https://imcindore.mp.gov.in/
REV-013,Revenue,Property Data,missing_property,Complaint,My property is not appearing online. What should I do?,"Treat it as a property-data issue. Ask for available property identification and location details and direct the citizen to the official IMC property service or relevant process. For property/water tax matters, reach Ms. Garima Patidar (Deputy Commissioner - Revenue Department (Property & Water Tax, Zones 1-22); also Nodal Officer, CM Helpline/311) through your zonal Revenue counter, or visit IMC Head Office, Nagar Nigam Square, Netaji Subhash Marg, Shivaji Market, Indore - 452007 (Revenue Branch) in person. For online details, check https://imcindore.mp.gov.in/, or call the CM Helpline at 181.",None for general information,Inform,Official IMC; current department allocation and published notices,2026-08-18,No,https://www.imcindore.mp.gov.in/adt-commissioner,https://www.imcindore.mp.gov.in/,Ms. Garima Patidar,"Deputy Commissioner - Revenue Department (Property & Water Tax, Zones 1-22); also Nodal Officer, CM Helpline/311",Not publicly listed - contact via IMC Revenue counter or zonal office,,,,"IMC Head Office, Nagar Nigam Square, Netaji Subhash Marg, Shivaji Market, Indore - 452007 (Revenue Branch)",0731-2535555,CM Helpline: 181 | IMC Toll-Free: 1800-233-5522,https://imcindore.mp.gov.in/
REV-014,Revenue,Property Survey,survey,Inform,What is property survey?,"Property survey is part of the Revenue Department's current administrative portfolio and relates to collecting or verifying property information used for municipal records and assessment/data purposes. For property/water tax matters, reach Ms. Garima Patidar (Deputy Commissioner - Revenue Department (Property & Water Tax, Zones 1-22); also Nodal Officer, CM Helpline/311) through your zonal Revenue counter, or visit IMC Head Office, Nagar Nigam Square, Netaji Subhash Marg, Shivaji Market, Indore - 452007 (Revenue Branch) in person. For online details, check https://imcindore.mp.gov.in/, or call the CM Helpline at 181.",None for general information,Inform,Official IMC; current department allocation and published notices,2026-08-18,No,https://www.imcindore.mp.gov.in/adt-commissioner,https://www.imcindore.mp.gov.in/,Ms. Garima Patidar,"Deputy Commissioner - Revenue Department (Property & Water Tax, Zones 1-22); also Nodal Officer, CM Helpline/311",Not publicly listed - contact via IMC Revenue counter or zonal office,,,,"IMC Head Office, Nagar Nigam Square, Netaji Subhash Marg, Shivaji Market, Indore - 452007 (Revenue Branch)",0731-2535555,CM Helpline: 181 | IMC Toll-Free: 1800-233-5522,https://imcindore.mp.gov.in/
REV-015,Revenue,Property Survey,survey_request,Process,How can I get my property surveyed?,"Property survey is handled within the Revenue portfolio. Provide the current IMC procedure when available and do not invent an appointment process or timeline. For property/water tax matters, reach Ms. Garima Patidar (Deputy Commissioner - Revenue Department (Property & Water Tax, Zones 1-22); also Nodal Officer, CM Helpline/311) through your zonal Revenue counter, or visit IMC Head Office, Nagar Nigam Square, Netaji Subhash Marg, Shivaji Market, Indore - 452007 (Revenue Branch) in person. For online details, check https://imcindore.mp.gov.in/, or call the CM Helpline at 181.",None for general information,Inform,Official IMC; current department allocation and published notices,2026-08-18,No,https://www.imcindore.mp.gov.in/adt-commissioner,https://www.imcindore.mp.gov.in/,Ms. Garima Patidar,"Deputy Commissioner - Revenue Department (Property & Water Tax, Zones 1-22); also Nodal Officer, CM Helpline/311",Not publicly listed - contact via IMC Revenue counter or zonal office,,,,"IMC Head Office, Nagar Nigam Square, Netaji Subhash Marg, Shivaji Market, Indore - 452007 (Revenue Branch)",0731-2535555,CM Helpline: 181 | IMC Toll-Free: 1800-233-5522,https://imcindore.mp.gov.in/
REV-016,Revenue,Property Data,correction,Complaint,How can I correct property data?,"Treat this as a Revenue/property-record issue. Collect the property identification details and specify which field is incorrect, then route through the current IMC correction process. For property/water tax matters, reach Ms. Garima Patidar (Deputy Commissioner - Revenue Department (Property & Water Tax, Zones 1-22); also Nodal Officer, CM Helpline/311) through your zonal Revenue counter, or visit IMC Head Office, Nagar Nigam Square, Netaji Subhash Marg, Shivaji Market, Indore - 452007 (Revenue Branch) in person. For online details, check https://imcindore.mp.gov.in/, or call the CM Helpline at 181.",None for general information,Inform,Official IMC; current department allocation and published notices,2026-08-18,No,https://www.imcindore.mp.gov.in/adt-commissioner,https://www.imcindore.mp.gov.in/,Ms. Garima Patidar,"Deputy Commissioner - Revenue Department (Property & Water Tax, Zones 1-22); also Nodal Officer, CM Helpline/311",Not publicly listed - contact via IMC Revenue counter or zonal office,,,,"IMC Head Office, Nagar Nigam Square, Netaji Subhash Marg, Shivaji Market, Indore - 452007 (Revenue Branch)",0731-2535555,CM Helpline: 181 | IMC Toll-Free: 1800-233-5522,https://imcindore.mp.gov.in/
REV-017,Revenue,Property Transfer,purchase,Process,I purchased a property. How do I update municipal records?,"Treat this as a property-record and assessment matter. Provide the current IMC process and required documents only from a verified current official source. For property/water tax matters, reach Ms. Garima Patidar (Deputy Commissioner - Revenue Department (Property & Water Tax, Zones 1-22); also Nodal Officer, CM Helpline/311) through your zonal Revenue counter, or visit IMC Head Office, Nagar Nigam Square, Netaji Subhash Marg, Shivaji Market, Indore - 452007 (Revenue Branch) in person. For online details, check https://imcindore.mp.gov.in/, or call the CM Helpline at 181.",None for general information,Inform,Official IMC; current department allocation and published notices,2026-08-18,No,https://www.imcindore.mp.gov.in/adt-commissioner,https://www.imcindore.mp.gov.in/,Ms. Garima Patidar,"Deputy Commissioner - Revenue Department (Property & Water Tax, Zones 1-22); also Nodal Officer, CM Helpline/311",Not publicly listed - contact via IMC Revenue counter or zonal office,,,,"IMC Head Office, Nagar Nigam Square, Netaji Subhash Marg, Shivaji Market, Indore - 452007 (Revenue Branch)",0731-2535555,CM Helpline: 181 | IMC Toll-Free: 1800-233-5522,https://imcindore.mp.gov.in/
REV-018,Revenue,Property Transfer,inheritance,Process,I inherited a property. How do I update municipal records?,"Treat this as a property-record and assessment matter. Provide the current IMC process and required documents only from a verified current official source. For property/water tax matters, reach Ms. Garima Patidar (Deputy Commissioner - Revenue Department (Property & Water Tax, Zones 1-22); also Nodal Officer, CM Helpline/311) through your zonal Revenue counter, or visit IMC Head Office, Nagar Nigam Square, Netaji Subhash Marg, Shivaji Market, Indore - 452007 (Revenue Branch) in person. For online details, check https://imcindore.mp.gov.in/, or call the CM Helpline at 181.",None for general information,Inform,Official IMC; current department allocation and published notices,2026-08-18,No,https://www.imcindore.mp.gov.in/adt-commissioner,https://www.imcindore.mp.gov.in/,Ms. Garima Patidar,"Deputy Commissioner - Revenue Department (Property & Water Tax, Zones 1-22); also Nodal Officer, CM Helpline/311",Not publicly listed - contact via IMC Revenue counter or zonal office,,,,"IMC Head Office, Nagar Nigam Square, Netaji Subhash Marg, Shivaji Market, Indore - 452007 (Revenue Branch)",0731-2535555,CM Helpline: 181 | IMC Toll-Free: 1800-233-5522,https://imcindore.mp.gov.in/
REV-019,Revenue,Water Tax,definition,Inform,What is water tax?,"Water tax is a municipal water-related tax under the applicable municipal framework. IMC's current administrative allocation places Water Tax and Water Tax Collection within the Revenue portfolio. For property/water tax matters, reach Ms. Garima Patidar (Deputy Commissioner - Revenue Department (Property & Water Tax, Zones 1-22); also Nodal Officer, CM Helpline/311) through your zonal Revenue counter, or visit IMC Head Office, Nagar Nigam Square, Netaji Subhash Marg, Shivaji Market, Indore - 452007 (Revenue Branch) in person. For online details, check https://imcindore.mp.gov.in/, or call the CM Helpline at 181.",None for general information,Inform,Official IMC; current department allocation and published notices,2026-08-18,No,https://www.imcindore.mp.gov.in/adt-commissioner,https://www.imcindore.mp.gov.in/,Ms. Garima Patidar,"Deputy Commissioner - Revenue Department (Property & Water Tax, Zones 1-22); also Nodal Officer, CM Helpline/311",Not publicly listed - contact via IMC Revenue counter or zonal office,,,,"IMC Head Office, Nagar Nigam Square, Netaji Subhash Marg, Shivaji Market, Indore - 452007 (Revenue Branch)",0731-2535555,CM Helpline: 181 | IMC Toll-Free: 1800-233-5522,https://imcindore.mp.gov.in/
REV-020,Revenue,Water Tax,routing,Route,Are water tax and water supply the same thing?,"No. IMC separately allocates Water Tax and Water Tax Collection to Revenue and Water Supply to the Water Supply Department. For property/water tax matters, reach Ms. Garima Patidar (Deputy Commissioner - Revenue Department (Property & Water Tax, Zones 1-22); also Nodal Officer, CM Helpline/311) through your zonal Revenue counter, or visit IMC Head Office, Nagar Nigam Square, Netaji Subhash Marg, Shivaji Market, Indore - 452007 (Revenue Branch) in person. For online details, check https://imcindore.mp.gov.in/, or call the CM Helpline at 181.",None for general information,Inform,Official IMC; current department allocation and published notices,2026-08-18,No,https://www.imcindore.mp.gov.in/adt-commissioner,https://www.imcindore.mp.gov.in/,Ms. Garima Patidar,"Deputy Commissioner - Revenue Department (Property & Water Tax, Zones 1-22); also Nodal Officer, CM Helpline/311",Not publicly listed - contact via IMC Revenue counter or zonal office,,,,"IMC Head Office, Nagar Nigam Square, Netaji Subhash Marg, Shivaji Market, Indore - 452007 (Revenue Branch)",0731-2535555,CM Helpline: 181 | IMC Toll-Free: 1800-233-5522,https://imcindore.mp.gov.in/
REV-021,Revenue,Water Charges,online_payment,Payment,Can I pay water charges online?,"IMC currently lists Water Charges as an online service. Use the official IMC Water Charges service for the current payment workflow. For property/water tax matters, reach Ms. Garima Patidar (Deputy Commissioner - Revenue Department (Property & Water Tax, Zones 1-22); also Nodal Officer, CM Helpline/311) through your zonal Revenue counter, or visit IMC Head Office, Nagar Nigam Square, Netaji Subhash Marg, Shivaji Market, Indore - 452007 (Revenue Branch) in person. For online details, check https://imcindore.mp.gov.in/, or call the CM Helpline at 181.",None for general information,Inform,Official IMC; current department allocation and published notices,2026-08-18,No,https://www.imcindore.mp.gov.in/adt-commissioner,https://www.imcindore.mp.gov.in/,Ms. Garima Patidar,"Deputy Commissioner - Revenue Department (Property & Water Tax, Zones 1-22); also Nodal Officer, CM Helpline/311",Not publicly listed - contact via IMC Revenue counter or zonal office,,,,"IMC Head Office, Nagar Nigam Square, Netaji Subhash Marg, Shivaji Market, Indore - 452007 (Revenue Branch)",0731-2535555,CM Helpline: 181 | IMC Toll-Free: 1800-233-5522,https://imcindore.mp.gov.in/
REV-022,Revenue,Water Charges,bill,Status,How can I check my water bill or charges?,"Use the official IMC Water Charges service and the relevant consumer or account details. If connected to live billing, retrieve the current bill rather than estimate it. For property/water tax matters, reach Ms. Garima Patidar (Deputy Commissioner - Revenue Department (Property & Water Tax, Zones 1-22); also Nodal Officer, CM Helpline/311) through your zonal Revenue counter, or visit IMC Head Office, Nagar Nigam Square, Netaji Subhash Marg, Shivaji Market, Indore - 452007 (Revenue Branch) in person. For online details, check https://imcindore.mp.gov.in/, or call the CM Helpline at 181.",None for general information,Inform,Official IMC; current department allocation and published notices,2026-08-18,No,https://www.imcindore.mp.gov.in/adt-commissioner,https://www.imcindore.mp.gov.in/,Ms. Garima Patidar,"Deputy Commissioner - Revenue Department (Property & Water Tax, Zones 1-22); also Nodal Officer, CM Helpline/311",Not publicly listed - contact via IMC Revenue counter or zonal office,,,,"IMC Head Office, Nagar Nigam Square, Netaji Subhash Marg, Shivaji Market, Indore - 452007 (Revenue Branch)",0731-2535555,CM Helpline: 181 | IMC Toll-Free: 1800-233-5522,https://imcindore.mp.gov.in/
REV-023,Revenue,Water Charges,payment_pending,Complaint,My water payment was deducted but is not reflected. What should I do?,"Treat it as a payment-status issue. Ask for transaction/reference number, account or consumer details, payment date and amount. Do not declare success or failure without verified transaction information. For property/water tax matters, reach Ms. Garima Patidar (Deputy Commissioner - Revenue Department (Property & Water Tax, Zones 1-22); also Nodal Officer, CM Helpline/311) through your zonal Revenue counter, or visit IMC Head Office, Nagar Nigam Square, Netaji Subhash Marg, Shivaji Market, Indore - 452007 (Revenue Branch) in person. For online details, check https://imcindore.mp.gov.in/, or call the CM Helpline at 181.",None for general information,Inform,Official IMC; current department allocation and published notices,2026-08-18,No,https://www.imcindore.mp.gov.in/adt-commissioner,https://www.imcindore.mp.gov.in/,Ms. Garima Patidar,"Deputy Commissioner - Revenue Department (Property & Water Tax, Zones 1-22); also Nodal Officer, CM Helpline/311",Not publicly listed - contact via IMC Revenue counter or zonal office,,,,"IMC Head Office, Nagar Nigam Square, Netaji Subhash Marg, Shivaji Market, Indore - 452007 (Revenue Branch)",0731-2535555,CM Helpline: 181 | IMC Toll-Free: 1800-233-5522,https://imcindore.mp.gov.in/
REV-024,Revenue,Water Charges,high_bill,Complaint,Why is my water bill high?,"Do not guess. Retrieve the current bill/account information and explain billed components only using official IMC data. If disputed, route through the relevant complaint/correction process. For property/water tax matters, reach Ms. Garima Patidar (Deputy Commissioner - Revenue Department (Property & Water Tax, Zones 1-22); also Nodal Officer, CM Helpline/311) through your zonal Revenue counter, or visit IMC Head Office, Nagar Nigam Square, Netaji Subhash Marg, Shivaji Market, Indore - 452007 (Revenue Branch) in person. For online details, check https://imcindore.mp.gov.in/, or call the CM Helpline at 181.",None for general information,Inform,Official IMC; current department allocation and published notices,2026-08-18,No,https://www.imcindore.mp.gov.in/adt-commissioner,https://www.imcindore.mp.gov.in/,Ms. Garima Patidar,"Deputy Commissioner - Revenue Department (Property & Water Tax, Zones 1-22); also Nodal Officer, CM Helpline/311",Not publicly listed - contact via IMC Revenue counter or zonal office,,,,"IMC Head Office, Nagar Nigam Square, Netaji Subhash Marg, Shivaji Market, Indore - 452007 (Revenue Branch)",0731-2535555,CM Helpline: 181 | IMC Toll-Free: 1800-233-5522,https://imcindore.mp.gov.in/
REV-025,Revenue,Water Charges,account_correction,Complaint,My water account details are incorrect. What should I do?,"Treat it as a water-account/data correction issue and direct the citizen to the current IMC Water Charges process or relevant municipal office. For property/water tax matters, reach Ms. Garima Patidar (Deputy Commissioner - Revenue Department (Property & Water Tax, Zones 1-22); also Nodal Officer, CM Helpline/311) through your zonal Revenue counter, or visit IMC Head Office, Nagar Nigam Square, Netaji Subhash Marg, Shivaji Market, Indore - 452007 (Revenue Branch) in person. For online details, check https://imcindore.mp.gov.in/, or call the CM Helpline at 181.",None for general information,Inform,Official IMC; current department allocation and published notices,2026-08-18,No,https://www.imcindore.mp.gov.in/adt-commissioner,https://www.imcindore.mp.gov.in/,Ms. Garima Patidar,"Deputy Commissioner - Revenue Department (Property & Water Tax, Zones 1-22); also Nodal Officer, CM Helpline/311",Not publicly listed - contact via IMC Revenue counter or zonal office,,,,"IMC Head Office, Nagar Nigam Square, Netaji Subhash Marg, Shivaji Market, Indore - 452007 (Revenue Branch)",0731-2535555,CM Helpline: 181 | IMC Toll-Free: 1800-233-5522,https://imcindore.mp.gov.in/
REV-026,Revenue,SWM Fee,definition,Inform,What is the Solid Waste Management or door-to-door garbage charge?,"IMC's published Revenue Department rate notice includes prescribed Solid Waste Management or Door-to-Door Garbage charges by rate zone and residential or commercial category. Use the latest valid notification or account record for the current amount. For property/water tax matters, reach Ms. Garima Patidar (Deputy Commissioner - Revenue Department (Property & Water Tax, Zones 1-22); also Nodal Officer, CM Helpline/311) through your zonal Revenue counter, or visit IMC Head Office, Nagar Nigam Square, Netaji Subhash Marg, Shivaji Market, Indore - 452007 (Revenue Branch) in person. For online details, check https://imcindore.mp.gov.in/, or call the CM Helpline at 181.",None for general information,Inform,Official IMC; current department allocation and published notices,2026-08-18,No,https://www.imcindore.mp.gov.in/adt-commissioner,https://www.imcindore.mp.gov.in/uploads/2024_25_Revise_Rate_List_for_property_Tax_and_SBM_Fee_67a75dd238.pdf,Ms. Garima Patidar,"Deputy Commissioner - Revenue Department (Property & Water Tax, Zones 1-22); also Nodal Officer, CM Helpline/311",Not publicly listed - contact via IMC Revenue counter or zonal office,,,,"IMC Head Office, Nagar Nigam Square, Netaji Subhash Marg, Shivaji Market, Indore - 452007 (Revenue Branch)",0731-2535555,CM Helpline: 181 | IMC Toll-Free: 1800-233-5522,https://imcindore.mp.gov.in/
REV-027,Revenue,SWM Fee,why_charged,Inform,Why is a garbage or SBM charge appearing with my municipal property charges?,"IMC's published rate notice provides a Solid Waste Management or Door-to-Door Garbage charge schedule. Explain it using the latest applicable notification and the citizen's current municipal account. For property/water tax matters, reach Ms. Garima Patidar (Deputy Commissioner - Revenue Department (Property & Water Tax, Zones 1-22); also Nodal Officer, CM Helpline/311) through your zonal Revenue counter, or visit IMC Head Office, Nagar Nigam Square, Netaji Subhash Marg, Shivaji Market, Indore - 452007 (Revenue Branch) in person. For online details, check https://imcindore.mp.gov.in/, or call the CM Helpline at 181.",None for general information,Inform,Official IMC; current department allocation and published notices,2026-08-18,No,https://www.imcindore.mp.gov.in/adt-commissioner,https://www.imcindore.mp.gov.in/uploads/2024_25_Revise_Rate_List_for_property_Tax_and_SBM_Fee_67a75dd238.pdf,Ms. Garima Patidar,"Deputy Commissioner - Revenue Department (Property & Water Tax, Zones 1-22); also Nodal Officer, CM Helpline/311",Not publicly listed - contact via IMC Revenue counter or zonal office,,,,"IMC Head Office, Nagar Nigam Square, Netaji Subhash Marg, Shivaji Market, Indore - 452007 (Revenue Branch)",0731-2535555,CM Helpline: 181 | IMC Toll-Free: 1800-233-5522,https://imcindore.mp.gov.in/
REV-028,Revenue,Property Tax,current_rate,Inform,What are the current property-tax rates?,"IMC has published rate notifications for taxable property value and SBM charges. Rates can depend on rate zone and property or construction category. Use the latest valid official IMC notification rather than an old hard-coded value. For property/water tax matters, reach Ms. Garima Patidar (Deputy Commissioner - Revenue Department (Property & Water Tax, Zones 1-22); also Nodal Officer, CM Helpline/311) through your zonal Revenue counter, or visit IMC Head Office, Nagar Nigam Square, Netaji Subhash Marg, Shivaji Market, Indore - 452007 (Revenue Branch) in person. For online details, check https://imcindore.mp.gov.in/, or call the CM Helpline at 181.",None for general information,Inform,Official IMC; current department allocation and published notices,2026-08-18,No,https://www.imcindore.mp.gov.in/adt-commissioner,https://www.imcindore.mp.gov.in/uploads/2024_25_Revise_Rate_List_for_property_Tax_and_SBM_Fee_67a75dd238.pdf,Ms. Garima Patidar,"Deputy Commissioner - Revenue Department (Property & Water Tax, Zones 1-22); also Nodal Officer, CM Helpline/311",Not publicly listed - contact via IMC Revenue counter or zonal office,,,,"IMC Head Office, Nagar Nigam Square, Netaji Subhash Marg, Shivaji Market, Indore - 452007 (Revenue Branch)",0731-2535555,CM Helpline: 181 | IMC Toll-Free: 1800-233-5522,https://imcindore.mp.gov.in/
REV-029,Revenue,Property Tax,exact_amount,Status,Can the chatbot tell me exactly how much property tax I owe?,"Only if it is connected to a current verified IMC tax/account system or given the current official property-tax demand. Do not calculate a final payable amount from generic rates alone. For property/water tax matters, reach Ms. Garima Patidar (Deputy Commissioner - Revenue Department (Property & Water Tax, Zones 1-22); also Nodal Officer, CM Helpline/311) through your zonal Revenue counter, or visit IMC Head Office, Nagar Nigam Square, Netaji Subhash Marg, Shivaji Market, Indore - 452007 (Revenue Branch) in person. For online details, check https://imcindore.mp.gov.in/, or call the CM Helpline at 181.",None for general information,Inform,Official IMC; current department allocation and published notices,2026-08-18,No,https://www.imcindore.mp.gov.in/adt-commissioner,https://www.imcindore.mp.gov.in/uploads/2024_25_Revise_Rate_List_for_property_Tax_and_SBM_Fee_67a75dd238.pdf,Ms. Garima Patidar,"Deputy Commissioner - Revenue Department (Property & Water Tax, Zones 1-22); also Nodal Officer, CM Helpline/311",Not publicly listed - contact via IMC Revenue counter or zonal office,,,,"IMC Head Office, Nagar Nigam Square, Netaji Subhash Marg, Shivaji Market, Indore - 452007 (Revenue Branch)",0731-2535555,CM Helpline: 181 | IMC Toll-Free: 1800-233-5522,https://imcindore.mp.gov.in/
REV-030,Revenue,Property Tax,penalty,Inform,Can the chatbot tell me the penalty or late fee?,"Only when the current official IMC account or rules provide the applicable amount. Do not invent a penalty or assume a rate. For property/water tax matters, reach Ms. Garima Patidar (Deputy Commissioner - Revenue Department (Property & Water Tax, Zones 1-22); also Nodal Officer, CM Helpline/311) through your zonal Revenue counter, or visit IMC Head Office, Nagar Nigam Square, Netaji Subhash Marg, Shivaji Market, Indore - 452007 (Revenue Branch) in person. For online details, check https://imcindore.mp.gov.in/, or call the CM Helpline at 181.",None for general information,Inform,Official IMC; current department allocation and published notices,2026-08-18,No,https://www.imcindore.mp.gov.in/adt-commissioner,https://www.imcindore.mp.gov.in/uploads/2024_25_Revise_Rate_List_for_property_Tax_and_SBM_Fee_67a75dd238.pdf,Ms. Garima Patidar,"Deputy Commissioner - Revenue Department (Property & Water Tax, Zones 1-22); also Nodal Officer, CM Helpline/311",Not publicly listed - contact via IMC Revenue counter or zonal office,,,,"IMC Head Office, Nagar Nigam Square, Netaji Subhash Marg, Shivaji Market, Indore - 452007 (Revenue Branch)",0731-2535555,CM Helpline: 181 | IMC Toll-Free: 1800-233-5522,https://imcindore.mp.gov.in/
REV-031,Revenue,Property Tax,dispute,Complaint,How can I complain about an incorrect property-tax demand?,"Collect property ID or relevant account details, explain what appears incorrect, and route through the official IMC grievance/property-tax correction process. The chatbot should not decide the dispute itself. For property/water tax matters, reach Ms. Garima Patidar (Deputy Commissioner - Revenue Department (Property & Water Tax, Zones 1-22); also Nodal Officer, CM Helpline/311) through your zonal Revenue counter, or visit IMC Head Office, Nagar Nigam Square, Netaji Subhash Marg, Shivaji Market, Indore - 452007 (Revenue Branch) in person. For online details, check https://imcindore.mp.gov.in/, or call the CM Helpline at 181.",None for general information,Inform,Official IMC; current department allocation and published notices,2026-08-18,No,https://www.imcindore.mp.gov.in/adt-commissioner,https://www.imcindore.mp.gov.in/uploads/2024_25_Revise_Rate_List_for_property_Tax_and_SBM_Fee_67a75dd238.pdf,Ms. Garima Patidar,"Deputy Commissioner - Revenue Department (Property & Water Tax, Zones 1-22); also Nodal Officer, CM Helpline/311",Not publicly listed - contact via IMC Revenue counter or zonal office,,,,"IMC Head Office, Nagar Nigam Square, Netaji Subhash Marg, Shivaji Market, Indore - 452007 (Revenue Branch)",0731-2535555,CM Helpline: 181 | IMC Toll-Free: 1800-233-5522,https://imcindore.mp.gov.in/
REV-032,Revenue,Revenue,contact,Contact,How can I contact the Revenue Department?,"Use the current official IMC contact and department information. Officer assignments and phone numbers can change, so retrieve current contact data from the official IMC source rather than hard-code old numbers. For property/water tax matters, reach Ms. Garima Patidar (Deputy Commissioner - Revenue Department (Property & Water Tax, Zones 1-22); also Nodal Officer, CM Helpline/311) through your zonal Revenue counter, or visit IMC Head Office, Nagar Nigam Square, Netaji Subhash Marg, Shivaji Market, Indore - 452007 (Revenue Branch) in person. For online details, check https://imcindore.mp.gov.in/, or call the CM Helpline at 181.",None for general information,Inform,Official IMC; current department allocation and published notices,2026-08-18,No,https://www.imcindore.mp.gov.in/adt-commissioner,https://www.imcindore.mp.gov.in/,Ms. Garima Patidar,"Deputy Commissioner - Revenue Department (Property & Water Tax, Zones 1-22); also Nodal Officer, CM Helpline/311",Not publicly listed - contact via IMC Revenue counter or zonal office,,,,"IMC Head Office, Nagar Nigam Square, Netaji Subhash Marg, Shivaji Market, Indore - 452007 (Revenue Branch)",0731-2535555,CM Helpline: 181 | IMC Toll-Free: 1800-233-5522,https://imcindore.mp.gov.in/
REV-033,Revenue,Revenue,scope,Inform,What does the Revenue Department of IMC do?,"IMC's current administrative allocation includes Property Tax, Water Tax, Water Tax Collection, Survey of Property and Preparation of Property Data within the Revenue portfolio. For property/water tax matters, reach Ms. Garima Patidar (Deputy Commissioner - Revenue Department (Property & Water Tax, Zones 1-22); also Nodal Officer, CM Helpline/311) through your zonal Revenue counter, or visit IMC Head Office, Nagar Nigam Square, Netaji Subhash Marg, Shivaji Market, Indore - 452007 (Revenue Branch) in person. For online details, check https://imcindore.mp.gov.in/, or call the CM Helpline at 181.",None for general information,Inform,Official IMC; current department allocation and published notices,2026-08-18,No,https://www.imcindore.mp.gov.in/adt-commissioner,https://www.imcindore.mp.gov.in/,Ms. Garima Patidar,"Deputy Commissioner - Revenue Department (Property & Water Tax, Zones 1-22); also Nodal Officer, CM Helpline/311",Not publicly listed - contact via IMC Revenue counter or zonal office,,,,"IMC Head Office, Nagar Nigam Square, Netaji Subhash Marg, Shivaji Market, Indore - 452007 (Revenue Branch)",0731-2535555,CM Helpline: 181 | IMC Toll-Free: 1800-233-5522,https://imcindore.mp.gov.in/
REV-034,Revenue,Property Tax,online_payment,Hinglish,Property tax online kaise bharein?,"IMC ki official website par Property Tax online service available hai. Current payment workflow ke liye official IMC Property Tax service use karein. Property/water tax se judi maamlon ke liye Ms. Garima Patidar (Deputy Commissioner - Revenue Department (Property & Water Tax, Zones 1-22); also Nodal Officer, CM Helpline/311) se apne zone ke Revenue counter par sampark karein, ya IMC Head Office, Nagar Nigam Square, Netaji Subhash Marg, Shivaji Market, Indore - 452007 (Revenue Branch) par jaayein. Online jaankari ke liye https://imcindore.mp.gov.in/ dekhein, ya CM Helpline 181 par call karein.",Property ID or water consumer/account details; payment/reference number if checking a transaction,Payment,Official IMC,2026-08-18,No,https://www.imcindore.mp.gov.in/adt-commissioner,https://www.imcindore.mp.gov.in/uploads/2024_25_Revise_Rate_List_for_property_Tax_and_SBM_Fee_67a75dd238.pdf,Ms. Garima Patidar,"Deputy Commissioner - Revenue Department (Property & Water Tax, Zones 1-22); also Nodal Officer, CM Helpline/311",Not publicly listed - contact via IMC Revenue counter or zonal office,,,,"IMC Head Office, Nagar Nigam Square, Netaji Subhash Marg, Shivaji Market, Indore - 452007 (Revenue Branch)",0731-2535555,CM Helpline: 181 | IMC Toll-Free: 1800-233-5522,https://imcindore.mp.gov.in/
REV-035,Revenue,Property Tax,dues,Hinglish,Mera property tax kitna baki hai?,"Official IMC Property Tax service par property identification details ke saath current dues check karein. Agar chatbot live tax system se connected hai to wahi current demand retrieve kare. Property/water tax se judi maamlon ke liye Ms. Garima Patidar (Deputy Commissioner - Revenue Department (Property & Water Tax, Zones 1-22); also Nodal Officer, CM Helpline/311) se apne zone ke Revenue counter par sampark karein, ya IMC Head Office, Nagar Nigam Square, Netaji Subhash Marg, Shivaji Market, Indore - 452007 (Revenue Branch) par jaayein. Online jaankari ke liye https://imcindore.mp.gov.in/ dekhein, ya CM Helpline 181 par call karein.",Relevant property/account/complaint/tender/reference number,Status,Official IMC,2026-08-18,No,https://www.imcindore.mp.gov.in/adt-commissioner,https://www.imcindore.mp.gov.in/uploads/2024_25_Revise_Rate_List_for_property_Tax_and_SBM_Fee_67a75dd238.pdf,Ms. Garima Patidar,"Deputy Commissioner - Revenue Department (Property & Water Tax, Zones 1-22); also Nodal Officer, CM Helpline/311",Not publicly listed - contact via IMC Revenue counter or zonal office,,,,"IMC Head Office, Nagar Nigam Square, Netaji Subhash Marg, Shivaji Market, Indore - 452007 (Revenue Branch)",0731-2535555,CM Helpline: 181 | IMC Toll-Free: 1800-233-5522,https://imcindore.mp.gov.in/
REV-036,Revenue,Property Tax,receipt,Hinglish,Property tax ki receipt kaise milegi?,"Official IMC Property Tax/payment service se receipt obtain karein. Live payment integration hone par chatbot receipt retrieve ya guide kar sakta hai. Property/water tax se judi maamlon ke liye Ms. Garima Patidar (Deputy Commissioner - Revenue Department (Property & Water Tax, Zones 1-22); also Nodal Officer, CM Helpline/311) se apne zone ke Revenue counter par sampark karein, ya IMC Head Office, Nagar Nigam Square, Netaji Subhash Marg, Shivaji Market, Indore - 452007 (Revenue Branch) par jaayein. Online jaankari ke liye https://imcindore.mp.gov.in/ dekhein, ya CM Helpline 181 par call karein.",Property ID or water consumer/account details; payment/reference number if checking a transaction,Payment,Official IMC,2026-08-18,No,https://www.imcindore.mp.gov.in/adt-commissioner,https://www.imcindore.mp.gov.in/uploads/2024_25_Revise_Rate_List_for_property_Tax_and_SBM_Fee_67a75dd238.pdf,Ms. Garima Patidar,"Deputy Commissioner - Revenue Department (Property & Water Tax, Zones 1-22); also Nodal Officer, CM Helpline/311",Not publicly listed - contact via IMC Revenue counter or zonal office,,,,"IMC Head Office, Nagar Nigam Square, Netaji Subhash Marg, Shivaji Market, Indore - 452007 (Revenue Branch)",0731-2535555,CM Helpline: 181 | IMC Toll-Free: 1800-233-5522,https://imcindore.mp.gov.in/
REV-037,Revenue,Property Tax,tax_increase,Hinglish,"Mera property tax pichhle saal se badh gaya, kyun?","Reason property data, rate zone/category, current assessment rules ya applicable charges mein change ho sakta hai. Property-specific reason ke liye current IMC demand aur record check karna zaroori hai. Property/water tax se judi maamlon ke liye Ms. Garima Patidar (Deputy Commissioner - Revenue Department (Property & Water Tax, Zones 1-22); also Nodal Officer, CM Helpline/311) se apne zone ke Revenue counter par sampark karein, ya IMC Head Office, Nagar Nigam Square, Netaji Subhash Marg, Shivaji Market, Indore - 452007 (Revenue Branch) par jaayein. Online jaankari ke liye https://imcindore.mp.gov.in/ dekhein, ya CM Helpline 181 par call karein.",None for general information,Inform,Official IMC,2026-08-18,No,https://www.imcindore.mp.gov.in/adt-commissioner,https://www.imcindore.mp.gov.in/uploads/2024_25_Revise_Rate_List_for_property_Tax_and_SBM_Fee_67a75dd238.pdf,Ms. Garima Patidar,"Deputy Commissioner - Revenue Department (Property & Water Tax, Zones 1-22); also Nodal Officer, CM Helpline/311",Not publicly listed - contact via IMC Revenue counter or zonal office,,,,"IMC Head Office, Nagar Nigam Square, Netaji Subhash Marg, Shivaji Market, Indore - 452007 (Revenue Branch)",0731-2535555,CM Helpline: 181 | IMC Toll-Free: 1800-233-5522,https://imcindore.mp.gov.in/
REV-038,Revenue,Property Data,correction,Hinglish,"Meri property ka naam/address galat hai, kya karun?","Isse property-record correction request ke roop mein route karein. Property ID/details lein aur current IMC correction process follow karayein. Property/water tax se judi maamlon ke liye Ms. Garima Patidar (Deputy Commissioner - Revenue Department (Property & Water Tax, Zones 1-22); also Nodal Officer, CM Helpline/311) se apne zone ke Revenue counter par sampark karein, ya IMC Head Office, Nagar Nigam Square, Netaji Subhash Marg, Shivaji Market, Indore - 452007 (Revenue Branch) par jaayein. Online jaankari ke liye https://imcindore.mp.gov.in/ dekhein, ya CM Helpline 181 par call karein.",Property ID/account/consumer number when available; relevant transaction/reference number for payment issues; description of the error,Complaint,Official IMC,2026-08-18,No,https://www.imcindore.mp.gov.in/adt-commissioner,https://www.imcindore.mp.gov.in/,Ms. Garima Patidar,"Deputy Commissioner - Revenue Department (Property & Water Tax, Zones 1-22); also Nodal Officer, CM Helpline/311",Not publicly listed - contact via IMC Revenue counter or zonal office,,,,"IMC Head Office, Nagar Nigam Square, Netaji Subhash Marg, Shivaji Market, Indore - 452007 (Revenue Branch)",0731-2535555,CM Helpline: 181 | IMC Toll-Free: 1800-233-5522,https://imcindore.mp.gov.in/
REV-039,Revenue,Property Survey,survey,Hinglish,Property survey kaise karwayein?,"Property survey Revenue portfolio ka part hai. Current IMC procedure available ho to wahi batayein; appointment ya timeline invent na karein. Property/water tax se judi maamlon ke liye Ms. Garima Patidar (Deputy Commissioner - Revenue Department (Property & Water Tax, Zones 1-22); also Nodal Officer, CM Helpline/311) se apne zone ke Revenue counter par sampark karein, ya IMC Head Office, Nagar Nigam Square, Netaji Subhash Marg, Shivaji Market, Indore - 452007 (Revenue Branch) par jaayein. Online jaankari ke liye https://imcindore.mp.gov.in/ dekhein, ya CM Helpline 181 par call karein.",Relevant property/account identification and details of the requested correction/service,Process,Official IMC,2026-08-18,No,https://www.imcindore.mp.gov.in/adt-commissioner,https://www.imcindore.mp.gov.in/,Ms. Garima Patidar,"Deputy Commissioner - Revenue Department (Property & Water Tax, Zones 1-22); also Nodal Officer, CM Helpline/311",Not publicly listed - contact via IMC Revenue counter or zonal office,,,,"IMC Head Office, Nagar Nigam Square, Netaji Subhash Marg, Shivaji Market, Indore - 452007 (Revenue Branch)",0731-2535555,CM Helpline: 181 | IMC Toll-Free: 1800-233-5522,https://imcindore.mp.gov.in/
REV-040,Revenue,Water Charges,online_payment,Hinglish,Water charges online kaise pay karein?,"IMC ki official website par Water Charges online service available hai. Current payment process ke liye official service use karein. Property/water tax se judi maamlon ke liye Ms. Garima Patidar (Deputy Commissioner - Revenue Department (Property & Water Tax, Zones 1-22); also Nodal Officer, CM Helpline/311) se apne zone ke Revenue counter par sampark karein, ya IMC Head Office, Nagar Nigam Square, Netaji Subhash Marg, Shivaji Market, Indore - 452007 (Revenue Branch) par jaayein. Online jaankari ke liye https://imcindore.mp.gov.in/ dekhein, ya CM Helpline 181 par call karein.",Property ID or water consumer/account details; payment/reference number if checking a transaction,Payment,Official IMC,2026-08-18,No,https://www.imcindore.mp.gov.in/adt-commissioner,https://www.imcindore.mp.gov.in/,Ms. Garima Patidar,"Deputy Commissioner - Revenue Department (Property & Water Tax, Zones 1-22); also Nodal Officer, CM Helpline/311",Not publicly listed - contact via IMC Revenue counter or zonal office,,,,"IMC Head Office, Nagar Nigam Square, Netaji Subhash Marg, Shivaji Market, Indore - 452007 (Revenue Branch)",0731-2535555,CM Helpline: 181 | IMC Toll-Free: 1800-233-5522,https://imcindore.mp.gov.in/
REV-041,Revenue,Water Charges,bill,Hinglish,"Mera water bill zyada aaya hai, kya karun?","Current bill/account details check karein. Chatbot ko guess nahi karna chahiye; disputed bill ko relevant IMC complaint/correction process par route karein. Property/water tax se judi maamlon ke liye Ms. Garima Patidar (Deputy Commissioner - Revenue Department (Property & Water Tax, Zones 1-22); also Nodal Officer, CM Helpline/311) se apne zone ke Revenue counter par sampark karein, ya IMC Head Office, Nagar Nigam Square, Netaji Subhash Marg, Shivaji Market, Indore - 452007 (Revenue Branch) par jaayein. Online jaankari ke liye https://imcindore.mp.gov.in/ dekhein, ya CM Helpline 181 par call karein.",Property ID/account/consumer number when available; relevant transaction/reference number for payment issues; description of the error,Complaint,Official IMC,2026-08-18,No,https://www.imcindore.mp.gov.in/adt-commissioner,https://www.imcindore.mp.gov.in/,Ms. Garima Patidar,"Deputy Commissioner - Revenue Department (Property & Water Tax, Zones 1-22); also Nodal Officer, CM Helpline/311",Not publicly listed - contact via IMC Revenue counter or zonal office,,,,"IMC Head Office, Nagar Nigam Square, Netaji Subhash Marg, Shivaji Market, Indore - 452007 (Revenue Branch)",0731-2535555,CM Helpline: 181 | IMC Toll-Free: 1800-233-5522,https://imcindore.mp.gov.in/
REV-042,Revenue,SWM Fee,definition,Hinglish,SBM ya garbage charge kya hota hai?,"IMC ke published rate notice mein Solid Waste Management/Door-to-Door Garbage charges diye gaye hain. Current amount latest valid IMC notification ya account record se lena chahiye. Property/water tax se judi maamlon ke liye Ms. Garima Patidar (Deputy Commissioner - Revenue Department (Property & Water Tax, Zones 1-22); also Nodal Officer, CM Helpline/311) se apne zone ke Revenue counter par sampark karein, ya IMC Head Office, Nagar Nigam Square, Netaji Subhash Marg, Shivaji Market, Indore - 452007 (Revenue Branch) par jaayein. Online jaankari ke liye https://imcindore.mp.gov.in/ dekhein, ya CM Helpline 181 par call karein.",None for general information,Inform,Official IMC,2026-08-18,No,https://www.imcindore.mp.gov.in/adt-commissioner,https://www.imcindore.mp.gov.in/uploads/2024_25_Revise_Rate_List_for_property_Tax_and_SBM_Fee_67a75dd238.pdf,Ms. Garima Patidar,"Deputy Commissioner - Revenue Department (Property & Water Tax, Zones 1-22); also Nodal Officer, CM Helpline/311",Not publicly listed - contact via IMC Revenue counter or zonal office,,,,"IMC Head Office, Nagar Nigam Square, Netaji Subhash Marg, Shivaji Market, Indore - 452007 (Revenue Branch)",0731-2535555,CM Helpline: 181 | IMC Toll-Free: 1800-233-5522,https://imcindore.mp.gov.in/
REV-043,Revenue,Revenue,scope,Hinglish,Revenue Department mein kaunse kaam aate hain?,"Current IMC allocation ke according Revenue portfolio mein Property Tax, Water Tax, Water Tax Collection, Property Survey aur Property Data preparation shamil hain. Property/water tax se judi maamlon ke liye Ms. Garima Patidar (Deputy Commissioner - Revenue Department (Property & Water Tax, Zones 1-22); also Nodal Officer, CM Helpline/311) se apne zone ke Revenue counter par sampark karein, ya IMC Head Office, Nagar Nigam Square, Netaji Subhash Marg, Shivaji Market, Indore - 452007 (Revenue Branch) par jaayein. Online jaankari ke liye https://imcindore.mp.gov.in/ dekhein, ya CM Helpline 181 par call karein.",None for general information,Inform,Official IMC,2026-08-18,No,https://www.imcindore.mp.gov.in/adt-commissioner,https://www.imcindore.mp.gov.in/,Ms. Garima Patidar,"Deputy Commissioner - Revenue Department (Property & Water Tax, Zones 1-22); also Nodal Officer, CM Helpline/311",Not publicly listed - contact via IMC Revenue counter or zonal office,,,,"IMC Head Office, Nagar Nigam Square, Netaji Subhash Marg, Shivaji Market, Indore - 452007 (Revenue Branch)",0731-2535555,CM Helpline: 181 | IMC Toll-Free: 1800-233-5522,https://imcindore.mp.gov.in/
